10020,"Abbeville, LA",13,54116,57999,4.1
10100,"Aberdeen, SD",10,39831,40602,0.52
10140,"Aberdeen, WA",17,67141,72797,6.46
10180,"Abilene, TX",47,160273,165252,2.2
10220,"Ada, OK",10,35146,37492,5.99
10260,"Adjuntas, PR",6,19122,19483,0.66
10300,"Adrian, MI",23,98971,99892,-0.51
10380,"Aguadilla-Isabela-San Sebastián, PR",73,312613,306292,-2.97
10420,"Akron, OH",170,694988,703200,-0.01
10460,"Alamogordo, NM",16,62194,63797,1.32
10500,"Albany, GA",43,157874,157308,-1.71
10540,"Albany-Lebanon, OR",21,103075,116672,11.82
10580,"Albany-Schenectady-Troy, NY",218,825923,870716,5.73
10620,"Albemarle, NC",13,58098,60585,4.66
10660,"Albert Lea, MN",10,32585,31255,-4.12
10700,"Albertville, AL",18,82308,93019,12.97
10740,"Albuquerque, NM",203,729723,887077,46.64
10760,"Alexander City, AL",13,53622,53155,-1.28
10780,"Alexandria, LA",38,145088,153922,9.01
10820,"Alexandria, MN",9,32806,36009,10.33
10860,"Alice, TX",7,39343,40838,2.58
10880,"Allegan, MI",25,105632,111408,4.98
10900,"Allentown-Bethlehem-Easton, PA-NJ",179,740329,821173,11.56
10940,"Alma, MI",10,42289,42476,1
10980,"Alpena, MI",10,31297,29598,-5.25
11020,"Altoona, PA",34,129117,127089,-3.32
11060,"Altus, OK",8,28439,26446,-6.48
11100,"Amarillo, TX",66,226488,249881,21.96
11140,"Americus, GA",10,36988,37829,4.79
11180,"Ames, IA",20,79988,89542,7.85
11220,"Amsterdam, NY",16,49643,50219,1.51
11260,"Anchorage, AK",79,319619,380821,23.31
11300,"Anderson, IN",37,133321,131636,1.21
11340,"Anderson, SC",39,165834,187126,13.21
11380,"Andrews, TX",4,13002,14786,13.71
11420,"Angola, IN",9,33233,34185,2.76
11460,"Ann Arbor, MI",100,322825,344791,8.69
11500,"Anniston-Oxford, AL",31,111913,118572,0.7
11540,"Appleton, WI",51,201773,225666,19.58
11580,"Arcadia, FL",9,32204,34862,7.18
11620,"Ardmore, OK",14,54444,56980,2.96
11660,"Arkadelphia, AR",5,23541,22995,-1.75
11700,"Asheville, NC",105,369177,424858,15.54
11740,"Ashland, OH",11,52522,53139,-0.04
11780,"Ashtabula, OH",26,102687,101497,-1.77
11820,"Astoria, OR",12,35636,37039,4.04
11860,"Atchison, KS",4,16783,16924,-0.83
11900,"Athens, OH",15,62199,64757,4.3
11940,"Athens, TN",10,49010,52266,6.62
11980,"Athens, TX",17,73138,78532,6.5
12020,"Athens-Clarke County, GA",46,166019,192541,15.31
12060,"Atlanta-Sandy Springs-Marietta, GA",946,4247614,5268860,28.07
12100,"Atlantic City-Hammonton, NJ",70,253208,274549,4.17
12140,"Auburn, IN",9,40303,42223,4.92
12180,"Auburn, NY",20,81910,80026,-1.8
12220,"Auburn-Opelika, AL",27,115018,140247,20.36
12260,"Augusta-Richmond County, GA-SC",117,499711,556877,11.2
12300,"Augusta-Waterville, ME",31,117076,122151,4.61
12380,"Austin, MN",11,38604,39163,2.39
12420,"Austin-Round Rock-San Marcos, TX",350,1249970,1716289,290.69
12460,"Bainbridge, GA",7,28256,27842,-3.74
12540,"Bakersfield-Delano, CA",151,661632,839631,34.56
12580,"Baltimore-Towson, MD",683,2553116,2710489,6.53
12620,"Bangor, ME",46,144881,153923,5.62
12660,"Baraboo, WI",13,55186,61976,10.76
12700,"Barnstable Town, MA",57,222235,215888,-3.66
12740,"Barre, VT",19,58031,59534,2.57
12780,"Bartlesville, OK",13,49015,50976,2.7
12820,"Bastrop, LA",8,31037,27979,-9.95
12860,"Batavia, NY",15,60552,60079,-2.02
12900,"Batesville, AR",8,34237,36647,7.52
12940,"Baton Rouge, LA",151,706119,802484,11.56
12980,"Battle Creek, MI",39,137992,136146,-1.78
13020,"Bay City, MI",27,110269,107771,-2.16
13060,"Bay City, TX",11,37919,36702,-2.19
13100,"Beatrice, NE",7,22992,22311,-2.48
13140,"Beaumont-Port Arthur, TX",105,385069,388745,0.86
13180,"Beaver Dam, WI",20,85860,88759,3.17
13220,"Beckley, WV",17,79231,78859,2.94
13260,"Bedford, IN",10,45912,46134,-0.7
13300,"Beeville, TX",7,32347,31861,0.55
13340,"Bellefontaine, OH",11,46004,45858,-1.84
13380,"Bellingham, WA",34,166822,201140,22.86
13420,"Bemidji, MN",10,39638,44442,10.24
13460,"Bend, OR",24,115372,157733,33.64
13500,"Bennettsville, SC",7,28823,28933,3.57
13540,"Bennington, VT",12,36973,37125,0.73
13620,"Berlin, NH-VT",14,39543,39361,-0.53
13660,"Big Rapids, MI",11,40547,42798,4.38
13700,"Big Spring, TX",10,33630,35012,1.76
13740,"Billings, MT",37,138892,158050,13.12
13780,"Binghamton, NY",65,252298,251725,0.24
13820,"Birmingham-Hoover, AL",264,1051334,1128047,9.75
13860,"Bishop, CA",6,17955,18546,2.32
13900,"Bismarck, ND",24,94713,108779,21.73
13940,"Blackfoot, ID",8,41736,45607,8.06
13980,"Blacksburg-Christiansburg-Radford, VA",33,151325,162958,4.38
14020,"Bloomington, IN",45,175485,192714,11.99
14060,"Bloomington-Normal, IL",41,150378,169572,13.64
14100,"Bloomsburg-Berwick, PA",19,82174,85562,3.99
14140,"Bluefield, WV-VA",27,107575,107342,-1.19
14180,"Blytheville, AR",12,51999,46480,-11.71
14220,"Bogalusa, LA",11,43943,47168,6.89
14260,"Boise City-Nampa, ID",95,464868,616561,34.44
14300,"Bonham, TX",9,31225,33915,8.84
14340,"Boone, IA",7,26206,26306,0.48
14380,"Boone, NC",13,42684,51079,17.33
14420,"Borger, TX",7,23861,22150,-8.41
14460,"Boston-Cambridge-Quincy, MA-NH",1007,4392549,4552402,5.89
14500,"Boulder, CO",68,269794,294567,21.93
14540,"Bowling Green, KY",28,104185,125953,22.92
14580,"Bozeman, MT",22,67841,89513,34.9
14620,"Bradford, PA",12,45910,43450,-5.76
14660,"Brainerd, MN",26,82133,91067,9.86
14700,"Branson, MO",16,68284,83877,22.93
14740,"Bremerton-Silverdale, WA",55,231979,251133,38.15
14780,"Brenham, TX",6,30411,33718,11.1
14820,"Brevard, NC",7,29316,33090,13.22
14860,"Bridgeport-Stamford-Norwalk, CT",211,882647,916829,3.85
14940,"Brigham City, UT",11,42749,49975,18.19
15020,"Brookhaven, MS",6,33186,34869,4.9
15060,"Brookings, OR",6,21147,22364,4.69
15100,"Brookings, SD",6,28233,31965,17.29
15140,"Brownsville, TN",6,19790,18787,-5.41
15180,"Brownsville-Harlingen, TX",87,334884,406220,20.1
15220,"Brownwood, TX",12,37668,38106,0.62
15260,"Brunswick, GA",24,93025,112370,15.41
15340,"Bucyrus, OH",13,46907,43784,-6.42
15380,"Buffalo-Niagara Falls, NY",299,1170021,1135509,-2.68
15420,"Burley, ID",11,41567,43021,3.82
15460,"Burlington, IA-IL",14,50529,47656,-5.43
15500,"Burlington, NC",36,130759,151131,17.01
15540,"Burlington-South Burlington, VT",47,198902,211261,4.26
15580,"Butte-Silver Bow, MT",8,34629,34200,-1.2
15620,"Cadillac, MI",12,44948,47584,4.91
15660,"Calhoun, GA",9,44095,55186,26.49
15700,"Cambridge, MD",10,30669,32618,3.57
15740,"Cambridge, OH",10,40813,40087,-2.06
15780,"Camden, AR",8,34506,31488,-8.42
15820,"Campbellsville, KY",5,22887,24512,6.78
15860,"Cañon City, CO",14,46140,46824,111.8
15900,"Canton, IL",12,38244,37069,-3.32
15940,"Canton-Massillon, OH",93,406975,404422,-1.05
15980,"Cape Coral-Fort Myers, FL",167,440910,618754,481.37
16020,"Cape Girardeau-Jackson, MO-IL",23,90286,96275,3.82
16060,"Carbondale, IL",14,59610,60218,2.7
16100,"Carlsbad-Artesia, NM",12,51633,53829,4
16180,"Carson City, NV",14,52468,55274,4.53
16220,"Casper, WY",18,66541,75450,13.64
16260,"Cedar City, UT",8,33793,46163,40.38
16300,"Cedar Rapids, IA",57,237266,257940,6.53
16340,"Cedartown, GA",7,38102,41475,8.93
16380,"Celina, OH",9,40936,40814,-0.75
16420,"Central City, KY",9,31841,31499,-1.61
16460,"Centralia, IL",12,41678,39437,-5.34
16500,"Centralia, WA",20,68580,75455,9.94
16540,"Chambersburg, PA",27,129490,149618,15.03
16580,"Champaign-Urbana, IL",52,210299,231891,13.05
16620,"Charleston, WV",79,309652,304284,-2.63
16660,"Charleston-Mattoon, IL",15,64521,64921,0.7
16700,"Charleston-North Charleston-Summerville, SC",156,549020,664607,44.04
16740,"Charlotte-Gastonia-Rock Hill, NC-SC",428,1330579,1758038,131.29
16820,"Charlottesville, VA",44,174012,201559,17.14
16860,"Chattanooga, TN-GA",119,476605,528143,9.45
16900,"Chester, SC",11,34115,33140,-2.44
16940,"Cheyenne, WY",21,81613,91738,12.23
16980,"Chicago-Joliet-Naperville, IL-IN-WI",2215,9098960,9461105,4.83
17020,"Chico, CA",51,203125,220000,13.59
17060,"Chillicothe, OH",17,73395,78064,5.78
17140,"Cincinnati-Middletown, OH-KY-IN",501,2009659,2130151,5.93
17200,"Claremont, NH",10,40434,43742,9.16
17220,"Clarksburg, WV",28,92057,94196,2.31
17260,"Clarksdale, MS",7,30617,26151,-16.27
17300,"Clarksville, TN-KY",68,232092,273949,35.05
17340,"Clearlake, CA",15,58331,64665,10.56
17380,"Cleveland, MS",8,40619,34145,-16.39
17420,"Cleveland, TN",24,104012,115788,9.66
17460,"Cleveland-Elyria-Mentor, OH",638,2148018,2077240,-1.88
17500,"Clewiston, FL",7,36190,39140,8
17540,"Clinton, IA",12,50157,49116,-2.97
17580,"Clovis, NM",12,45050,48376,7.86
17620,"Coamo, PR",17,68715,71590,-0.48
17660,"Coeur d'Alene, ID",25,108681,138494,21.3
17700,"Coffeyville, KS",13,36267,35471,-3.23
17740,"Coldwater, MI",12,45781,45248,-1.95
17780,"College Station-Bryan, TX",52,184859,228660,44.39
17820,"Colorado Springs, CO",136,537479,645613,103.85
17860,"Columbia, MO",32,145677,172786,15.55
17900,"Columbia, SC",191,647219,767598,27.13
17940,"Columbia, TN",17,69544,80956,18.77
17980,"Columbus, GA-AL",78,281870,294865,3.4
18020,"Columbus, IN",15,71470,76794,7.26
18060,"Columbus, MS",14,61596,59779,-3.58
18100,"Columbus, NE",7,31574,32237,1.37
18140,"Columbus, OH",420,1612908,1836536,20.65
18180,"Concord, NH",36,136263,146445,8.01
18220,"Connersville, IN",7,25589,24277,-4.35
18260,"Cookeville, TN",26,93426,106042,11.68
18300,"Coos Bay, OR",14,62795,63043,0.67
18340,"Corbin, KY",8,35878,35637,-2.08
18380,"Cordele, GA",6,22016,23439,5.92
18420,"Corinth, MS",7,34519,37057,7.53
18460,"Cornelia, GA",8,35886,43041,20.49
18500,"Corning, NY",30,98699,98990,-0.29
18580,"Corpus Christi, TX",104,403246,428185,13.54
18620,"Corsicana, TX",10,45113,47735,7.3
18660,"Cortland, NY",12,48704,49336,1.76
18700,"Corvallis, OR",18,78143,85579,9.09
18740,"Coshocton, OH",10,36655,36901,0.09
18820,"Crawfordsville, IN",9,37634,38124,1.51
18860,"Crescent City, CA",8,27505,28610,7.41
18880,"Crestview-Fort Walton Beach-Destin, FL",43,170519,180822,7.73
18900,"Crossville, TN",14,46781,56053,21.15
18940,"Crowley, LA",12,58822,61773,5.52
18980,"Cullman, AL",18,77438,80406,4.37
19020,"Culpeper, VA",8,34264,46689,40.15
19060,"Cumberland, MD-WV",30,102002,103299,0.66
19100,"Dallas-Fort Worth-Arlington, TX",1314,5162013,6371773,946.02
19140,"Dalton, GA",26,120056,142227,18.31
19180,"Danville, IL",24,83929,81625,-2.9
19220,"Danville, KY",13,51013,53174,5.01
19260,"Danville, VA",32,110103,106561,-7.27
19300,"Daphne-Fairhope-Foley, AL",32,140416,182265,27.14
19340,"Davenport-Moline-Rock Island, IA-IL",104,376068,379690,1.11
19380,"Dayton, OH",221,848309,841502,-0.98
19460,"Decatur, AL",36,145901,153829,4.24
19500,"Decatur, IL",34,114690,110768,-4.3
19540,"Decatur, IN",7,33605,34387,2.32
19580,"Defiance, OH",9,39495,39037,-1.02
19620,"Del Rio, TX",10,44834,48879,-0.78
19660,"Deltona-Daytona Beach-Ormond Beach, FL",114,443387,494593,14.5
19700,"Deming, NM",6,24986,25095,0.66
19740,"Denver-Aurora-Broomfield, CO",621,2179470,2543482,617.34
19760,"DeRidder, LA",7,32948,35654,6.91
19780,"Des Moines-West Des Moines, IA",131,481396,569633,38.51
19820,"Detroit-Warren-Livonia, MI",1301,4452777,4296250,-1.56
19860,"Dickinson, ND",9,23522,24982,3
19900,"Dillon, SC",6,30737,32062,3.51
19940,"Dixon, IL",9,36062,36031,-0.85
19980,"Dodge City, KS",7,32448,33848,1.46
20020,"Dothan, AL",34,130823,145639,8.8
20060,"Douglas, GA",12,45032,50731,11.35
20100,"Dover, DE",33,126757,162310,25.06
20140,"Dublin, GA",16,53392,58414,10.07
20180,"DuBois, PA",20,83556,81642,-2.85
20220,"Dubuque, IA",26,89133,93653,5.11
20260,"Duluth, MN-WI",87,275567,279771,-0.26
20300,"Dumas, TX",4,20125,21904,8.14
20340,"Duncan, OK",11,43204,45048,3.73
20380,"Dunn, NC",27,90980,114678,27.7
20420,"Durango, CO",10,43957,51334,15.21
20460,"Durant, OK",11,36524,42416,11.43
20500,"Durham-Chapel Hill, NC",108,423846,504357,23.31
20540,"Dyersburg, TN",8,37286,38335,4.24
20580,"Eagle Pass, TX",9,47285,54258,12.11
20620,"East Liverpool-Salem, OH",24,112051,107841,-4.81
20660,"Easton, MD",11,33806,37782,12.58
20700,"East Stroudsburg, PA",33,138633,169842,24.67
20740,"Eau Claire, WI",31,148345,161151,9.24
20780,"Edwards, CO",16,49439,59507,16.93
20820,"Effingham, IL",8,34267,34242,0
20900,"El Campo, TX",11,41190,41280,-0.26
20940,"El Centro, CA",31,142334,174528,32.19
20980,"El Dorado, AR",10,45633,41639,-9.14
21020,"Elizabeth City, NC",15,53143,64094,19.98
21060,"Elizabethtown, KY",26,105982,119736,285.11
21120,"Elk City, OK",4,19807,22119,10.14
21140,"Elkhart-Goshen, IN",36,182788,197559,7.66
21220,"Elko, NV",15,46949,50805,7.17
21260,"Ellensburg, WA",8,33369,40915,23.36
21300,"Elmira, NY",22,91114,88830,-3.2
21340,"El Paso, TX",161,679560,800647,44.9
21380,"Emporia, KS",9,38964,36480,-6.15
21420,"Enid, OK",12,57811,60580,4.35
21460,"Enterprise-Ozark, AL",28,92762,100199,6.94
21500,"Erie, PA",72,280913,280566,-0.66
21540,"Escanaba, MI",13,38528,37069,-3.64
21580,"Espanola, NM",9,41172,40246,-2.11
21640,"Eufaula, AL-GA",10,31638,29970,-6.74
21660,"Eugene-Springfield, OR",87,323010,351715,9.05
21700,"Eureka-Arcata-Fortuna, CA",31,126509,134623,6.35
21740,"Evanston, WY",3,19740,21118,7.01
21780,"Evansville, IN-KY",89,342825,358676,1.97
21820,"Fairbanks, AK",19,82849,97581,15.51
21860,"Fairmont, MN",6,21804,20840,-5.21
21900,"Fairmont, WV",18,56605,56418,-0.5
21940,"Fajardo, PR",21,78526,70692,-8.46
21980,"Fallon, NV",7,23984,24877,-2.15
22020,"Fargo, ND-MN",46,174398,208777,16.83
22060,"Faribault-Northfield, MN",13,56663,64142,14.88
22100,"Farmington, MO",11,55643,65359,17.93
22140,"Farmington, NM",33,113812,130044,18.46
22180,"Fayetteville, NC",77,336684,366383,137.35
22220,"Fayetteville-Springdale-Rogers, AR-MO",89,347038,463204,53.35
22260,"Fergus Falls, MN",17,57083,57303,0.99
22280,"Fernley, NV",10,34503,51980,56.29
22300,"Findlay, OH",13,71293,74782,5.36
22340,"Fitzgerald, GA",7,27416,27172,1.05
22380,"Flagstaff, AZ",28,116321,134421,16.51
22420,"Flint, MI",131,436213,425790,-2.95
22500,"Florence, SC",49,193160,205566,7.7
22520,"Florence-Muscle Shoals, AL",36,142929,147137,2.41
22540,"Fond du Lac, WI",20,97284,101633,2.73
22580,"Forest City, NC",13,62921,67810,8.25
22620,"Forrest City, AR",6,29326,28258,-6.57
22660,"Fort Collins-Loveland, CO",73,251491,299630,28.06
22700,"Fort Dodge, IA",12,40230,38013,-6.48
22780,"Fort Leonard Wood, MO",9,41172,52274,24.1
22800,"Fort Madison-Keokuk, IA-MO",14,45481,43001,-5.78
22820,"Fort Morgan, CO",8,27172,28159,2.72
22840,"Fort Payne, AL",14,64433,71109,9.45
22860,"Fort Polk South, LA",12,52539,52334,-1.82
22900,"Fort Smith, AR-OK",61,273172,298592,8.57
22980,"Fort Valley, GA",6,23689,27695,17.02
23060,"Fort Wayne, IN",110,390094,416257,8.72
23140,"Frankfort, IN",8,33879,33224,-2.39
23180,"Frankfort, KY",16,66794,70706,4.3
23240,"Fredericksburg, TX",5,20806,24837,21.78
23300,"Freeport, IL",13,48995,47711,-2.47
23340,"Fremont, NE",9,36150,36691,1.62
23380,"Fremont, OH",15,61797,60944,-1.58
23420,"Fresno, CA",199,798753,930450,46.81
23460,"Gadsden, AL",30,103451,104430,-1.12
23500,"Gaffney, SC",13,52532,55342,4.02
23540,"Gainesville, FL",61,232392,264275,14.12
23580,"Gainesville, GA",36,139631,179684,41.49
23620,"Gainesville, TX",8,36366,38437,4.6
23660,"Galesburg, IL",21,74578,70626,-5.13
23700,"Gallup, NM",17,74796,71492,-5.1
23780,"Garden City, KS",12,40517,36776,-9.56
23820,"Gardnerville Ranchos, NV",17,41245,46997,13.35
23860,"Georgetown, SC",15,55822,60158,9.11
23900,"Gettysburg, PA",23,91205,101407,12.38
23940,"Gillette, WY",7,33705,46133,36.62
23980,"Glasgow, KY",13,48067,52272,9.04
24020,"Glens Falls, NY",36,124290,128923,2.98
24100,"Gloversville, NY",15,55045,55531,0.45
24140,"Goldsboro, NC",26,113440,122623,6.49
24180,"Granbury, TX",12,47900,59672,23.9
24220,"Grand Forks, ND-MN",28,97489,98461,0.53
24260,"Grand Island, NE",19,68327,72726,5.67
24300,"Grand Junction, CO",29,116939,146723,24.33
24340,"Grand Rapids-Wyoming, MI",163,740593,774160,4.34
24380,"Grants, NM",7,25588,27213,3.85
24420,"Grants Pass, OR",16,75728,82713,7.46
24460,"Great Bend, KS",8,28200,27674,-1.62
24500,"Great Falls, MT",22,80359,81327,0.3
24540,"Greeley, CO",77,180760,252825,1257.28
24580,"Green Bay, WI",70,282493,306241,6.16
24620,"Greeneville, TN",15,62905,68831,10.95
24660,"Greensboro-High Point, NC",168,643363,723801,15.46
24700,"Greensburg, IN",6,24555,25740,4.36
24740,"Greenville, MS",19,63039,51137,-19.88
24780,"Greenville, NC",36,152704,189510,25.65
24820,"Greenville, OH",12,53312,52959,-1.27
24860,"Greenville-Mauldin-Easley, SC",156,559798,636986,13.36
24900,"Greenwood, MS",10,48702,42914,-14.24
24940,"Greenwood, SC",14,66307,69661,5.25
24980,"Grenada, MS",5,23273,21906,-7.55
25020,"Guayama, PR",20,83568,84214,0.41
25060,"Gulfport-Biloxi, MS",57,246114,248820,-1.56
25100,"Guymon, OK",5,20108,20640,-0.12
25180,"Hagerstown-Martinsburg, MD-WV",50,222741,269140,18.35
25220,"Hammond, LA",20,100480,121097,18.73
25260,"Hanford-Corcoran, CA",27,129469,152982,22
25300,"Hannibal, MO",11,37899,38948,2.69
25340,"Harriman, TN",11,51920,54181,3.66
25380,"Harrisburg, IL",9,26754,24913,-6.64
25420,"Harrisburg-Carlisle, PA",124,509029,549475,7.27
25460,"Harrison, AR",9,42545,45233,5.65
25500,"Harrisonburg, VA",30,108216,125228,18.51
25540,"Hartford-West Hartford-East Hartford, CT",290,1148665,1212381,6.48
25580,"Hastings, NE",11,38186,37906,-2.1
25620,"Hattiesburg, MS",28,123925,142842,12.83
25660,"Havre, MT",6,16673,16096,-3.02
25700,"Hays, KS",6,27506,28452,3.45
25720,"Heber, UT",4,15206,23530,52.1
25740,"Helena, MT",17,65750,74801,14.75
25760,"Helena-West Helena, AR",6,26438,21757,-21.03
25780,"Henderson, NC",10,42955,45422,3.54
25820,"Hereford, TX",4,18565,19372,4.26
25860,"Hickory-Lenoir-Morganton, NC",73,341849,365497,7.01
25900,"Hilo, HI",50,148641,185079,15.91
25940,"Hilton Head Island-Beaufort, SC",46,141602,187010,89.52
25980,"Hinesville-Fort Stewart, GA",18,71934,77917,6.91
26020,"Hobbs, NM",18,55529,64727,17.99
26100,"Holland-Grand Haven, MI",54,238410,263801,11.63
26140,"Homosassa Springs, FL",28,118103,141236,20.42
26180,"Honolulu, HI",244,876177,953207,790.13
26220,"Hood River, OR",4,20407,22346,9.04
26260,"Hope, AR",8,33532,31606,-6.35
26300,"Hot Springs, AR",20,88131,96024,6.56
26340,"Houghton, MI",15,38313,38784,0.56
26380,"Houma-Bayou Cane-Thibodaux, LA",46,194517,208178,6.19
26420,"Houston-Sugar Land-Baytown, TX",1076,4715716,5946800,145.81
26460,"Hudson, NY",21,63074,63096,1.58
26480,"Humboldt, TN",14,48081,49683,3.49
26500,"Huntingdon, PA",12,45606,45913,1.16
26540,"Huntington, IN",9,38081,37124,-2.78
26580,"Huntington-Ashland, WV-KY-OH",78,288662,287702,-0.86
26620,"Huntsville, AL",89,342661,417593,19.32
26660,"Huntsville, TX",10,61763,67861,10.68
26700,"Huron, SD",6,17027,17398,1.4
26740,"Hutchinson, KS",17,64797,64511,-0.84
26780,"Hutchinson, MN",7,34916,36651,4.57
26820,"Idaho Falls, ID",25,101664,130374,31.15
26860,"Indiana, PA",23,89573,88880,-1.38
26900,"Indianapolis-Carmel, IN",360,1525125,1756241,13.07
26940,"Indianola, MS",7,34382,29450,-14.35
26980,"Iowa City, IA",29,131662,152586,12.96
27020,"Iron Mountain, MI-WI",9,32548,30591,-6.63
27060,"Ithaca, NY",23,96488,101564,6.4
27100,"Jackson, MI",38,158426,160248,1.72
27140,"Jackson, MS",123,497268,539057,10.21
27180,"Jackson, TN",30,107445,115425,4.81
27220,"Jackson, WY-ID",5,24261,31464,24.82
27260,"Jacksonville, FL",262,1122835,1345596,25.53
27300,"Jacksonville, IL",12,42164,40902,-2.41
27340,"Jacksonville, NC",32,150410,177772,16.07
27380,"Jacksonville, TX",12,46712,50845,8.48
27420,"Jamestown, ND",6,21912,21100,-2.23
27460,"Jamestown-Dunkirk-Fredonia, NY",36,139703,134905,-3.08
27500,"Janesville, WI",38,152313,160331,4.52
27540,"Jasper, IN",11,52817,54734,3.07
27580,"Jayuya, PR",3,17309,16642,-4.93
27620,"Jefferson City, MO",31,140049,149807,6.83
27660,"Jennings, LA",7,31434,31594,-0.18
27700,"Jesup, GA",6,26571,30099,13.91
27740,"Johnson City, TN",44,181590,198716,8.36
27780,"Johnstown, PA",42,152564,143679,-6.92
27860,"Jonesboro, AR",24,107753,121026,11.31
27900,"Joplin, MO",34,157303,175518,10.43
27940,"Juneau, AK",6,30704,31275,2.28
27980,"Kahului-Wailuku, HI",38,128090,154834,18.68
28020,"Kalamazoo-Portage, MI",73,314835,326589,2.49
28060,"Kalispell, MT",19,74507,90928,20.13
28100,"Kankakee-Bradley, IL",29,103825,113449,10.33
28140,"Kansas City, MO-KS",535,1836575,2035334,36.93
28180,"Kapaa, HI",17,58444,67091,10.48
28260,"Kearney, NE",13,49122,52591,6.3
28300,"Keene, NH",16,73809,77117,4.3
28340,"Kendallville, IN",10,46468,47536,1.89
28380,"Kennett, MO",10,33184,31953,-3.89
28420,"Kennewick-Pasco-Richland, WA",50,191853,253340,288.64
28500,"Kerrville, TX",10,43646,49625,13.07
28540,"Ketchikan, AK",4,14074,13477,-4.41
28580,"Key West, FL",31,79602,73090,-9.89
28620,"Kill Devil Hills, NC",11,29959,33920,9.46
28660,"Killeen-Temple-Fort Hood, TX",89,330718,405300,194.69
28700,"Kingsport-Bristol-Bristol, TN-VA",75,298555,309544,3.84
28740,"Kingston, NY",47,177727,182493,1.98
28780,"Kingsville, TX",8,32024,32477,1.05
28820,"Kinston, NC",15,59643,59495,-3.06
28860,"Kirksville, MO",9,29142,30038,2.8
28900,"Klamath Falls, OR",20,63771,66380,3.99
28940,"Knoxville, TN",172,616118,698030,14.32
28980,"Kodiak, AK",5,13916,13592,-6.95
29020,"Kokomo, IN",24,101562,98688,-2.94
29060,"Laconia, NH",15,56266,60088,5.99
29100,"La Crosse, WI-MN",30,126881,133665,4.06
29140,"Lafayette, IN",47,178550,201789,12.62
29180,"Lafayette, LA",54,238774,273738,10.86
29220,"La Follette, TN",11,39835,40716,2.38
29260,"La Grande, OR",8,24522,25748,5.77
29300,"LaGrange, GA",14,58759,67044,15.81
29340,"Lake Charles, LA",47,193570,199607,-0.95
29380,"Lake City, FL",12,56413,67531,18.65
29420,"Lake Havasu City-Kingman, AZ",43,154975,200186,28.15
29460,"Lakeland-Winter Haven, FL",154,483887,602095,34.28
29500,"Lamesa, TX",4,14987,13833,-8.5
29540,"Lancaster, PA",98,470782,519445,10.34
29580,"Lancaster, SC",14,61397,76652,29.67
29620,"Lansing-East Lansing, MI",131,447844,464036,170.48
29660,"Laramie, WY",10,32031,36299,12.76
29700,"Laredo, TX",61,193124,250304,72.21
29740,"Las Cruces, NM",41,174886,209233,18.41
29780,"Las Vegas, NM",7,30089,29393,-2.19
29820,"Las Vegas-Paradise, NV",487,1375737,1951269,3933.51
29860,"Laurel, MS",18,83100,84823,-0.82
29900,"Laurinburg, NC",7,35948,36157,2.12
29940,"Lawrence, KS",22,99953,110826,12.93
29980,"Lawrenceburg, TN",11,39914,41869,4.76
30020,"Lawton, OK",32,114996,124098,6.06
30060,"Lebanon, MO",6,32532,35571,11.38
30100,"Lebanon, NH-VT",47,167457,174724,3.91
30140,"Lebanon, PA",31,120284,133568,9.3
30220,"Levelland, TX",7,22721,22935,-1.05
30260,"Lewisburg, PA",10,41583,44947,8.57
30280,"Lewisburg, TN",6,26759,30617,13.9
30300,"Lewiston, ID-WA",16,57971,60888,4.25
30340,"Lewiston-Auburn, ME",28,103812,107702,3.7
30380,"Lewistown, PA",12,46477,46682,-0.2
30420,"Lexington, NE",8,26513,26370,-2.19
30460,"Lexington-Fayette, KY",129,408395,472099,217.31
30500,"Lexington Park, MD",18,86196,105151,18.11
30580,"Liberal, KS",5,22522,22952,0.94
30620,"Lima, OH",33,108472,106331,-2.88
30660,"Lincoln, IL",8,31199,30305,-3.01
30700,"Lincoln, NE",78,266798,302157,50.43
30740,"Lincolnton, NC",18,63815,78265,27.8
30780,"Little Rock-North Little Rock-Conway, AR",164,610465,699757,16.38
30820,"Lock Haven, PA",9,37878,39238,3.66
30860,"Logan, UT-ID",28,102722,125442,37.58
30900,"Logansport, IN",11,40926,38966,-4.72
30940,"London, KY",13,52710,58849,13.11
30980,"Longview, TX",45,194044,214369,9.07
31020,"Longview, WA",24,92947,102410,8.75
31060,"Los Alamos, NM",4,18347,17950,-2.26
31100,"Los Angeles-Long Beach-Santa Ana, CA",2929,12365635,12828837,84.32
31140,"Louisville/Jefferson County, KY-IN",318,1164039,1283566,14.79
31180,"Lubbock, TX",71,249708,284890,38.94
31260,"Lufkin, TX",17,80123,86771,8.91
31300,"Lumberton, NC",31,123159,134168,9.26
31340,"Lynchburg, VA",60,228534,252634,10.8
31380,"Macomb, IL",10,32908,32612,-2.14
31420,"Macon, GA",60,222484,232293,2.67
31460,"Madera-Chowchilla, CA",23,123179,150865,22.71
31500,"Madison, IN",7,31712,32428,1.06
31540,"Madison, WI",125,501765,568593,27.94
31580,"Madisonville, KY",12,46519,46920,0.25
31620,"Magnolia, AR",5,25613,24552,-4.72
31660,"Malone, NY",14,51113,51599,1.1
31700,"Manchester-Nashua, NH",86,380854,400721,4.73
31740,"Manhattan, KS",26,109017,127081,14.75
31820,"Manitowoc, WI",20,82905,81442,-2.12
31860,"Mankato-North Mankato, MN",23,85707,96740,13.68
31900,"Mansfield, OH",30,128933,124475,-4.7
31920,"Marble Falls, TX",8,34179,42750,25.5
31940,"Marinette, WI-MI",21,68712,65778,-3.61
31980,"Marion, IN",16,73408,70061,-5.25
32020,"Marion, OH",18,66198,66501,-0.9
32060,"Marion-Herrin, IL",15,61301,66357,8.46
32100,"Marquette, MI",25,64639,67077,4.69
32140,"Marshall, MN",7,25437,25857,0.64
32180,"Marshall, MO",8,23764,23370,-1.98
32220,"Marshall, TX",14,62096,65631,5.25
32260,"Marshalltown, IA",10,39332,40648,3.01
32270,"Marshfield-Wisconsin Rapids, WI",17,75500,74749,-1.09
32280,"Martin, TN",11,34927,35021,0.17
32300,"Martinsville, VA",19,73356,67972,-7.54
32340,"Maryville, MO",5,21913,23370,3.51
32380,"Mason City, IA",14,54360,51749,-5.23
32420,"Mayagüez, PR",31,115058,106330,-8.54
32460,"Mayfield, KY",9,37026,37121,0.39
32500,"Maysville, KY",9,30902,31360,2.04
32540,"McAlester, OK",13,43944,45837,5.57
32580,"McAllen-Edinburg-Mission, TX",113,569101,774769,34.77
32620,"McComb, MS",11,52532,53535,2.4
32660,"McMinnville, TN",9,38283,39839,3.63
32700,"McPherson, KS",7,29560,29180,-1.65
32740,"Meadville, PA",23,90335,88765,-2.13
32780,"Medford, OR",41,181281,203206,10.35
32820,"Memphis, TN-MS-AR",312,1205260,1316100,12.05
32860,"Menomonie, WI",8,39850,43857,11.44
32900,"Merced, CA",49,211194,255793,22.71
32940,"Meridian, MS",25,106410,107449,0.25
32980,"Merrill, WI",10,29623,28743,-2.95
33020,"Mexico, MO",7,25857,25529,-0.24
33060,"Miami, OK",9,33162,31848,-2.12
33100,"Miami-Fort Lauderdale-Pompano Beach, FL",1219,5007951,5564635,416.85
33140,"Michigan City-La Porte, IN",29,110102,111467,-0.55
33180,"Middlesborough, KY",9,30049,28691,-4.19
33220,"Midland, MI",19,82797,83629,0.54
33260,"Midland, TX",27,116034,136872,12.24
33300,"Milledgeville, GA",11,54699,55149,4.47
33340,"Milwaukee-Waukesha-West Allis, WI",431,1500788,1555908,3.89
33380,"Minden, LA",11,41814,41207,-1.39
33420,"Mineral Wells, TX",9,27016,28111,3.3
33460,"Minneapolis-St. Paul-Bloomington, MN-WI",772,2969254,3279833,13.89
33500,"Minot, ND",16,67398,69540,3.55
33540,"Missoula, MT",20,95803,109299,11.98
33580,"Mitchell, SD",5,21887,22835,4.31
33620,"Moberly, MO",6,24663,25414,3.28
33660,"Mobile, AL",115,399889,412992,-1
33700,"Modesto, CA",94,446836,514453,16.06
33740,"Monroe, LA",46,170050,176441,6.16
33780,"Monroe, MI",39,145941,152021,4.62
33820,"Monroe, WI",8,33678,36842,8.49
33860,"Montgomery, AL",96,346575,374536,19.86
33940,"Montrose, CO",10,33438,41276,40.67
33980,"Morehead City, NC",39,59334,66469,7.36
34020,"Morgan City, LA",17,53539,54650,1.6
34060,"Morgantown, WV",32,111199,129709,16.53
34100,"Morristown, TN",26,123048,136608,10.78
34140,"Moscow, ID",7,34925,37244,6.38
34180,"Moses Lake, WA",16,74714,89120,15.3
34220,"Moultrie, GA",10,42048,45498,7.39
34260,"Mountain Home, AR",9,38365,41513,8.46
34300,"Mountain Home, ID",5,29116,27038,-2.97
34340,"Mount Airy, NC",22,71201,73673,4
34380,"Mount Pleasant, MI",15,63334,70311,10.94
34420,"Mount Pleasant, TX",8,28118,32334,12.71
34460,"Mount Sterling, KY",11,40172,44396,11.15
34500,"Mount Vernon, IL",14,48664,47284,-3.39
34540,"Mount Vernon, OH",12,54482,60921,12.16
34580,"Mount Vernon-Anacortes, WA",30,103017,116901,11.14
34620,"Muncie, IN",30,118764,117671,-1.48
34660,"Murray, KY",9,34182,37191,7.55
34700,"Muscatine, IA",13,53906,54132,0.15
34740,"Muskegon-Norton Shores, MI",43,170208,172188,1.41
34780,"Muskogee, OK",16,69472,70990,2.22
34820,"Myrtle Beach-North Myrtle Beach-Conway, SC",72,196558,269291,57.06
34860,"Nacogdoches, TX",13,59197,64524,8.34
34900,"Napa, CA",40,124344,136484,18.65
34940,"Naples-Marco Island, FL",74,251408,321520,25.99
34980,"Nashville-Davidson--Murfreesboro--Franklin, TN",363,1311864,1589934,26.49
35020,"Natchez, MS-LA",14,54560,53119,-4.32
35060,"Natchitoches, LA",9,39077,39566,0.08
35100,"New Bern, NC",29,114737,126802,9.49
35140,"Newberry, SC",8,35978,37508,4.88
35220,"New Castle, IN",13,48512,49462,1.84
35260,"New Castle, PA",28,94572,91108,-4.86
35300,"New Haven-Milford, CT",190,823993,862477,4.6
35340,"New Iberia, LA",16,73265,73240,-0.77
35380,"New Orleans-Metairie-Kenner, LA",398,1316534,1167764,-12.28
35420,"New Philadelphia-Dover, OH",21,90921,92582,2.36
35460,"Newport, TN",9,33551,35662,0.49
35500,"Newton, IA",9,37229,36842,-0.39
35580,"New Ulm, MN",8,26916,25893,-3.85
35620,"New York-Northern New Jersey-Long Island, NY-NJ-PA",4543,18324426,18897109,11.19
35660,"Niles-Benton Harbor, MI",49,162491,156813,-3.47
35700,"Nogales, AZ",10,38379,47420,18.31
35740,"Norfolk, NE",13,49550,48271,-3.02
35820,"North Platte, NE",10,35937,37590,4.21
35840,"North Port-Bradenton-Sarasota, FL",174,590000,702281,51.72
35860,"North Vernon, IN",6,27558,28525,2.64
35900,"North Wilkesboro, NC",14,65645,69340,5.25
35940,"Norwalk, OH",13,59447,59626,0.04
35980,"Norwich-New London, CT",66,259092,274055,7.1
36020,"Oak Harbor, WA",22,71571,78506,7.98
36060,"Oak Hill, WV",12,47593,46039,-2.14
36100,"Ocala, FL",63,258879,331298,29.41
36140,"Ocean City, NJ",33,102323,97265,-6.42
36180,"Ocean Pines, MD",17,46560,51454,9.21
36220,"Odessa, TX",28,121124,137130,12.98
36260,"Ogden-Clearfield, UT",106,442661,547184,31.43
36300,"Ogdensburg-Massena, NY",28,111920,111944,1.52
36340,"Oil City, PA",16,57509,54984,-5.2
36380,"Okeechobee, FL",12,35865,39996,12.58
36420,"Oklahoma City, OK",363,1095553,1252987,19.45
36460,"Olean, NY",21,83870,80317,-9.48
36500,"Olympia, WA",50,207392,252264,25.29
36540,"Omaha-Council Bluffs, NE-IA",255,767186,865350,577.72
36580,"Oneonta, NY",17,61694,62259,4.53
36620,"Ontario, OR-ID",12,52202,53936,2.17
36660,"Opelousas-Eunice, LA",19,87669,83384,-3.89
36700,"Orangeburg, SC",20,91512,92501,0.47
36740,"Orlando-Kissimmee-Sanford, FL",390,1644506,2134411,33.23
36780,"Oshkosh-Neenah, WI",41,156749,166994,4.58
36820,"Oskaloosa, IA",7,22319,22381,0.41
36860,"Ottawa-Streator, IL",40,153180,154908,0.89
36900,"Ottumwa, IA",11,36067,35625,-1.24
36940,"Owatonna, MN",8,33684,36576,7.93
36980,"Owensboro, KY",29,109860,114752,3.49
37020,"Owosso, MI",17,71695,70648,-1.72
37060,"Oxford, MS",10,38687,47351,23.28
37100,"Oxnard-Thousand Oaks-Ventura, CA",174,753204,823318,37.24
37140,"Paducah, KY-IL",26,98773,98762,-1.98
37220,"Pahrump, NV",10,32524,43946,26.46
37260,"Palatka, FL",17,70418,74364,5.19
37300,"Palestine, TX",11,55114,58458,7.95
37340,"Palm Bay-Melbourne-Titusville, FL",114,476301,543376,12.85
37380,"Palm Coast, FL",21,49818,95696,125.63
37420,"Pampa, TX",8,23629,23464,0.52
37460,"Panama City-Lynn Haven-Panama City Beach, FL",44,148270,168852,14.19
37500,"Paragould, AR",9,37383,42090,10.44
37540,"Paris, TN",9,31111,32330,2.27
37580,"Paris, TX",12,48493,49793,1.82
37620,"Parkersburg-Marietta-Vienna, WV-OH",46,164580,162056,-2.34
37660,"Parsons, KS",8,22821,21607,-6.05
37700,"Pascagoula, MS",34,150666,162246,3.46
37740,"Payson, AZ",16,51301,53597,5.55
37780,"Pecos, TX",5,13141,13783,3.14
37800,"Pella, IA",8,32048,33309,2.04
37820,"Pendleton-Hermiston, OR",17,81551,87062,5.01
37860,"Pensacola-Ferry Pass-Brent, FL",98,412168,448991,8.32
37900,"Peoria, IL",94,366909,379186,2.02
37940,"Peru, IN",10,36085,36903,14.45
37980,"Philadelphia-Camden-Wilmington, PA-NJ-DE-MD",1477,5686329,5965343,5.58
38020,"Phoenix Lake-Cedar Ridge, CA",11,54522,55365,-3.97
38060,"Phoenix-Mesa-Glendale, AZ",991,3251885,4192887,2312.86
38100,"Picayune, MS",9,48521,55834,14.32
38180,"Pierre, SD",5,19255,19988,5.46
38200,"Pierre Part, LA",6,23343,23421,-0.13
38220,"Pine Bluff, AR",30,107331,100258,-7.51
38260,"Pittsburg, KS",11,38246,39134,1.32
38300,"Pittsburgh, PA",711,2431220,2356285,-4.17
38340,"Pittsfield, MA",39,134922,131219,-1.78
38380,"Plainview, TX",9,36613,36273,-1.67
38420,"Platteville, WI",12,49590,51208,2.87
38460,"Plattsburgh, NY",19,79882,82128,8.82
38500,"Plymouth, IN",12,45126,47051,4.35
38540,"Pocatello, ID",24,83101,90656,7.11
38580,"Point Pleasant, WV-OH",13,57003,58258,2.22
38620,"Ponca City, OK",11,48086,46562,-3.36
38660,"Ponce, PR",65,264938,243147,-7.93
38700,"Pontiac, IL",10,39735,38950,-2.22
38740,"Poplar Bluff, MO",10,40864,42794,3.58
38780,"Portales, NM",5,18022,19846,10.11
38820,"Port Angeles, WA",22,64184,71404,9.73
38860,"Portland-South Portland-Biddeford, ME",117,487501,514098,5.77
38900,"Portland-Vancouver-Hillsboro, OR-WA",491,1927892,2226009,18.78
38940,"Port St. Lucie, FL",81,319462,424107,31.17
39020,"Portsmouth, OH",20,79218,79499,-0.16
39060,"Pottsville, PA",40,150271,148289,-1.63
39100,"Poughkeepsie-Newburgh-Middletown, NY",158,621422,670301,8.3
39140,"Prescott, AZ",42,167377,211033,24.27
39220,"Price, UT",5,20529,21403,4.48
39260,"Prineville, OR",4,19175,20978,10.44
39300,"Providence-New Bedford-Fall River, RI-MA",370,1582927,1600852,0.68
39340,"Provo-Orem, UT",130,376775,526810,1741.06
39380,"Pueblo, CO",55,141487,159063,19.13
39420,"Pullman, WA",10,40742,44776,9.07
39460,"Punta Gorda, FL",39,141618,159978,15.22
39500,"Quincy, IL-MO",22,78750,77314,-2.34
39540,"Racine, WI",45,188850,195408,4.96
39580,"Raleigh-Cary, NC",224,797178,1130490,201.47
39660,"Rapid City, SD",28,112845,126382,10.89
39700,"Raymondville, TX",6,20079,22134,5.79
39740,"Reading, PA",90,373626,411442,9.8
39780,"Red Bluff, CA",11,56060,63463,12.61
39820,"Redding, CA",48,163246,177223,9.47
39860,"Red Wing, MN",10,44142,46183,4.66
39900,"Reno-Sparks, NV",113,342889,425417,245.43
39940,"Rexburg, ID",9,39304,50778,29.74
39980,"Richmond, IN",17,71094,68917,-2.68
40060,"Richmond, VA",305,1097050,1258251,16.15
40080,"Richmond-Berea, KY",23,87462,99972,15.16
40100,"Rio Grande City-Roma, TX",15,53573,60968,15.27
40140,"Riverside-San Bernardino-Ontario, CA",822,3254802,4224851,114.7
40180,"Riverton, WY",10,35805,40123,11.51
40220,"Roanoke, VA",65,288375,308707,7.57
40260,"Roanoke Rapids, NC",17,79497,76790,-2.77
40300,"Rochelle, IL",11,51001,53497,4.38
40340,"Rochester, MN",44,163627,186011,13.82
40380,"Rochester, NY",267,1037929,1054323,11.85
40420,"Rockford, IL",84,320228,349431,6.5
40460,"Rockingham, NC",11,46598,46639,-0.22
40500,"Rockland, ME",11,39631,39736,-0.33
40540,"Rock Springs, WY",12,37623,43806,15.73
40580,"Rocky Mount, NC",32,142991,152392,9.07
40620,"Rolla, MO",10,39825,45156,13.06
40660,"Rome, GA",20,90617,96317,6.53
40700,"Roseburg, OR",23,100375,107667,6.13
40740,"Roswell, NM",16,61373,65645,6.44
40760,"Ruidoso, NM",5,19374,20497,4.92
40780,"Russellville, AR",17,75601,83939,10.59
40820,"Ruston, LA",15,57911,63009,8.2
40860,"Rutland, VT",20,63382,61642,-2.29
40900,"Sacramento--Arden-Arcade--Roseville, CA",486,1796836,2149127,1733.45
40940,"Safford, AZ",12,42015,45657,10.29
40980,"Saginaw-Saginaw Township North, MI",56,210051,200169,-6.26
41060,"St. Cloud, MN",38,167443,189093,13.99
41100,"St. George, UT",21,90325,138115,53.23
41140,"St. Joseph, MO-KS",34,123850,127329,2.71
41180,"St. Louis, MO-IL",620,2698863,2812896,25.76
41220,"St. Marys, GA",11,43660,50513,13.04
41260,"St. Marys, PA",9,35159,31946,-7.49
41420,"Salem, OR",70,347262,390738,10.98
41460,"Salina, KS",14,59763,61697,3.71
41500,"Salinas, CA",94,401750,415057,3.13
41540,"Salisbury, MD",27,109380,125203,11.46
41580,"Salisbury, NC",30,130371,138428,5.16
41620,"Salt Lake City, UT",236,968900,1124197,33.8
41660,"San Angelo, TX",26,105780,111823,2.94
41700,"San Antonio-New Braunfels, TX",457,1711575,2142508,188.94
41740,"San Diego-Carlsbad-San Marcos, CA",628,2813820,3095313,24.22
41780,"Sandusky, OH",19,79628,77079,-3.69
41820,"Sanford, NC",13,49196,57866,16.89
41860,"San Francisco-Oakland-Fremont, CA",980,4123716,4335391,453.1
41900,"San Germán-Cabo Rojo, PR",31,136202,137462,-2.59
41940,"San Jose-Sunnyvale-Santa Clara, CA",383,1735994,1836911,98.9
41980,"San Juan-Caguas-Guaynabo, PR",622,2509004,2478905,1.34
42020,"San Luis Obispo-Paso Robles, CA",54,246746,269637,8.24
42060,"Santa Barbara-Santa Maria-Goleta, CA",90,399290,423895,6.9
42100,"Santa Cruz-Watsonville, CA",53,255619,262382,3.55
42140,"Santa Fe, NM",50,129301,144170,16.37
42180,"Santa Isabel, PR",6,21662,23274,6.34
42220,"Santa Rosa-Petaluma, CA",100,458586,483878,4.52
42300,"Sault Ste. Marie, MI",16,38543,38520,1.39
42340,"Savannah, GA",89,293317,347611,15.29
42380,"Sayre, PA",14,62754,62622,-0.37
42420,"Scottsbluff, NE",12,37767,37660,-2.29
42460,"Scottsboro, AL",11,53882,53227,-1.83
42500,"Scottsburg, IN",5,22976,24181,5.11
42540,"Scranton--Wilkes-Barre, PA",170,560790,563631,-0.92
42580,"Seaford, DE",54,156508,197145,25.86
42620,"Searcy, AR",13,67166,77076,14.58
42660,"Seattle-Tacoma-Bellevue, WA",721,3043942,3439809,65.88
42680,"Sebastian-Vero Beach, FL",31,112879,138028,16.01
42700,"Sebring, FL",27,87393,98786,7.36
42740,"Sedalia, MO",11,39418,42201,6.87
42780,"Selinsgrove, PA",8,37506,39702,5.62
42820,"Selma, AL",15,46361,43820,-5.16
42860,"Seneca, SC",15,66199,74273,12.78
42900,"Seneca Falls, NY",10,33321,35251,5.24
42940,"Sevierville, TN",18,71202,89889,19
42980,"Seymour, IN",10,41397,42376,0.6
43060,"Shawnee, OK",16,65512,69442,4.97
43100,"Sheboygan, WI",27,112665,115507,2.35
43140,"Shelby, NC",22,96120,98078,2.5
43180,"Shelbyville, TN",9,37608,45058,18.57
43220,"Shelton, WA",14,49443,60699,20.2
43260,"Sheridan, WY",6,26563,29116,8.6
43300,"Sherman-Denison, TX",26,110574,120877,7.87
43320,"Show Low, AZ",31,97451,107449,10.4
43340,"Shreveport-Bossier City, LA",93,375981,398604,1.86
43380,"Sidney, OH",10,48293,49423,2.48
43420,"Sierra Vista-Douglas, AZ",32,117740,131346,12.06
43460,"Sikeston, MO",10,40437,39191,-2.38
43500,"Silver City, NM",8,31004,29514,-6.12
43540,"Silverthorne, CO",5,23558,27994,19.77
43580,"Sioux City, IA-NE-SD",35,143000,143577,-0.52
43620,"Sioux Falls, SD",57,187151,228261,39.97
43660,"Snyder, TX",4,16366,16921,1.98
43700,"Somerset, KY",14,56277,63063,10.87
43740,"Somerset, PA",21,80053,77742,-3.78
43780,"South Bend-Mishawaka, IN-MI",86,316670,319224,-0.66
43860,"Southern Pines-Pinehurst, NC",18,74777,88247,17.89
43900,"Spartanburg, SC",69,253942,284307,10.33
43940,"Spearfish, SD",5,21805,24097,10.72
43980,"Spencer, IA",4,17369,16667,-5.72
44020,"Spirit Lake, IA",5,16429,16667,0.91
44060,"Spokane, WA",105,417964,471221,13.27
44100,"Springfield, IL",56,201457,210170,3.55
44140,"Springfield, MA",157,680070,692942,22.58
44180,"Springfield, MO",91,368453,436712,18.84
44220,"Springfield, OH",44,144741,138333,-4.57
44260,"Starkville, MS",8,42920,47671,12.49
44300,"State College, PA",31,135664,153990,13.4
44340,"Statesboro, GA",12,55958,70217,24.72
44380,"Statesville-Mooresville, NC",44,122630,159437,37.08
44420,"Staunton-Waynesboro, VA",24,108958,118502,6.84
44500,"Stephenville, TX",8,32974,37890,17.8
44540,"Sterling, CO",6,20566,22709,9.76
44580,"Sterling, IL",18,60662,58498,-3.11
44600,"Steubenville-Weirton, OH-WV",37,131980,124454,-6.29
44620,"Stevens Point, WI",14,67181,70019,3.32
44660,"Stillwater, OK",17,68201,77350,11.64
44700,"Stockton, CA",139,563659,685306,27.96
44740,"Storm Lake, IA",6,20417,20260,-3.52
44780,"Sturgis, MI",17,62411,61295,-1.41
44860,"Sulphur Springs, TX",9,31960,35161,9.4
44900,"Summerville, GA",6,25427,26015,3.79
44940,"Sumter, SC",23,104685,107456,2.03
44980,"Sunbury, PA",24,94868,94528,-1.56
45000,"Susanville, CA",9,33828,34895,3.99
45020,"Sweetwater, TX",5,15805,15216,-4.03
45060,"Syracuse, NY",186,650142,662577,1.97
45140,"Tahlequah, OK",9,42467,46987,10.7
45180,"Talladega-Sylacauga, AL",22,80703,82291,1.76
45220,"Tallahassee, FL",86,320259,367413,44.24
45260,"Tallulah, LA",5,13724,12093,-12.11
45300,"Tampa-St. Petersburg-Clearwater, FL",746,2396038,2783243,105.64
45340,"Taos, NM",6,29987,32937,8.31
45380,"Taylorville, IL",10,35385,34800,-1.91
45460,"Terre Haute, IN",44,170953,172425,-0.06
45500,"Texarkana, TX-Texarkana, AR",30,129752,136027,2.91
45520,"The Dalles, OR",8,23797,25213,5.49
45540,"The Villages, FL",19,53337,93420,214.94
45580,"Thomaston, GA",7,27761,27153,-1.42
45620,"Thomasville, GA",11,42798,44720,3.1
45640,"Thomasville-Lexington, NC",34,147259,162878,15.24
45660,"Tiffin, OH",14,58663,56745,-3.25
45700,"Tifton, GA",9,38373,40118,2.95
45740,"Toccoa, GA",5,25435,26175,3.31
45780,"Toledo, OH",178,659199,651429,-1.84
45820,"Topeka, KS",57,224571,233870,3.17
45860,"Torrington, CT",51,182154,189927,4
45900,"Traverse City, MI",35,131331,143372,6.27
45940,"Trenton-Ewing, NJ",77,350766,366513,3.74
45980,"Troy, AL",8,29690,32899,6.11
46020,"Truckee-Grass Valley, CA",20,92046,98764,8.24
46060,"Tucson, AZ",241,843705,980263,4099.49
46100,"Tullahoma, TN",23,93006,100210,9.11
46140,"Tulsa, OK",272,859626,937478,11.78
46180,"Tupelo, MS",30,125247,136268,8.56
46220,"Tuscaloosa, AL",56,193119,219461,14.43
46260,"Tuskegee, AL",12,24084,21452,-11.43
46300,"Twin Falls, ID",19,82687,99604,17.98
46340,"Tyler, TX",41,174861,209714,15.95
46380,"Ukiah, CA",21,86256,87841,1.64
46420,"Union, SC",9,29940,28961,-2.76
46460,"Union City, TN-KY",12,40217,38620,-3.82
46500,"Urbana, OH",10,38902,40097,3.55
46540,"Utica-Rome, NY",93,300012,299397,-0.86
46580,"Utuado, PR",8,35352,33149,-6.84
46620,"Uvalde, TX",5,25919,26405,2.7
46660,"Valdosta, GA",34,119576,139588,16.46
46700,"Vallejo-Fairfield, CA",96,394495,413344,6.88
46740,"Valley, AL",9,36592,34215,-8.62
46780,"Van Wert, OH",9,29644,28744,-3.27
46820,"Vermillion, SD",3,13538,13864,2.48
46860,"Vernal, UT",6,25166,32588,29.46
46900,"Vernon, TX",4,14679,13535,-10.25
46980,"Vicksburg, MS",12,49668,48773,-2.26
47020,"Victoria, TX",31,111645,115384,2.11
47080,"Vidalia, GA",9,34366,36346,5.69
47180,"Vincennes, IN",10,39263,38440,-2.9
47220,"Vineland-Millville-Bridgeton, NJ",35,146443,156898,15.77
47260,"Virginia Beach-Norfolk-Newport News, VA-NC",421,1576908,1671683,10.26
47300,"Visalia-Porterville, CA",78,368025,442179,21.15
47340,"Wabash, IN",8,34968,32888,-5.96
47380,"Waco, TX",51,213527,234906,12.68
47420,"Wahpeton, ND-MN",8,25127,22897,-8.72
47460,"Walla Walla, WA",12,55177,58781,5.83
47500,"Walterboro, SC",10,38262,38892,-1.16
47540,"Wapakoneta, OH",11,46228,45949,-1.12
47580,"Warner Robins, GA",23,110748,139900,25.36
47620,"Warren, PA",13,43784,41815,-5
47660,"Warrensburg, MO",9,48263,52595,6.29
47700,"Warsaw, IN",19,74052,77358,3.48
47780,"Washington, IN",7,29815,31648,4.51
47820,"Washington, NC",11,44923,47759,6.2
47900,"Washington-Arlington-Alexandria, DC-VA-MD-WV",1349,4796439,5582170,197.34
47920,"Washington Court House, OH",7,28471,29030,1.87
47940,"Waterloo-Cedar Falls, IA",50,163718,167819,1.37
47980,"Watertown, SD",9,31439,33130,5.95
48020,"Watertown-Fort Atkinson, WI",20,75851,83686,10
48060,"Watertown-Fort Drum, NY",26,111716,116229,7.73
48100,"Wauchula, FL",6,26854,27731,0.05
48140,"Wausau, WI",27,125907,134063,5.17
48180,"Waycross, GA",13,51121,55070,4.21
48220,"Weatherford, OK",5,26148,27469,4.26
48300,"Wenatchee-East Wenatchee, WA",22,99199,110884,12.23
48460,"West Plains, MO",8,37270,40400,8.4
48500,"West Point, MS",5,21981,20634,-6.86
48540,"Wheeling, WV-OH",47,153207,147950,-4.83
48580,"Whitewater, WI",22,91892,102228,13.06
48620,"Wichita, KS",149,571176,623061,10.37
48660,"Wichita Falls, TX",43,151595,151306,-0.88
48700,"Williamsport, PA",29,120003,116111,-3.23
48740,"Willimantic, CT",25,109101,118428,8.38
48780,"Williston, ND",7,19754,22398,10.86
48820,"Willmar, MN",12,41193,42239,1.89
48900,"Wilmington, NC",94,274509,362315,32.99
48940,"Wilmington, OH",9,40468,42040,3.15
48980,"Wilson, NC",19,73811,81234,7.21
49020,"Winchester, VA-WV",24,102997,128472,24.85
49060,"Winfield, KS",11,36311,36311,-0.45
49100,"Winona, MN",10,49996,51461,3.15
49180,"Winston-Salem, NC",116,422096,477717,14.79
49260,"Woodward, OK",5,18489,20081,8.34
49300,"Wooster, OH",32,111555,114520,1.64
49340,"Worcester, MA",172,750040,798552,6.05
49380,"Worthington, MN",6,20832,21378,1.52
49420,"Yakima, WA",45,222580,243231,9.78
49460,"Yankton, SD",5,21657,22438,3.09
49500,"Yauco, PR",32,118088,107333,-8.07
49540,"Yazoo City, MS",6,28144,28065,-3.63
49620,"York-Hanover, PA",90,381788,434972,12.96
49660,"Youngstown-Warren-Boardman, OH-PA",155,603044,565773,-8.02
49700,"Yuba City, CA",35,139196,166892,25.29
49740,"Yuma, AZ",55,159995,195751,35.33
49780,"Zanesville, OH",19,84551,86074,1.2
